State,Basket,Income,Basket_Percent_Average,Income_Percent_Average
ACT,66.3,1676.97,100.2968818,113.7486953
NSW,66.38,1503.83,100.4179037,102.0046277
NT,65.64,1524.37,99.2984513,103.3978537
QLD,66.3,1488.37,100.2968818,100.9559776
SA,65.4,1336.47,98.93538566,90.65261683
TAS,64.9,1253.47,98.17899892,85.02273573
VIC,66.28,1440.03,100.2666263,97.67708053
WA,67.63,1570.7,102.3088705,106.5404126
